review,sentiment
Exceeded my expectations!,positive
Amazing quality and quick delivery.,positive
Absolutely fantastic experience!,positive
"Terrible experience, would not buy again.",negative
"Terrible experience, would not buy again.",negative
"I love this product, highly recommended!",positive
"Neither good nor bad, just fine.",neutral
"Not much to say, it was alright.",neutral
"Average quality, acceptable for the price.",neutral
"Neither good nor bad, just fine.",neutral
Amazing quality and quick delivery.,positive
"Neither good nor bad, just fine.",neutral
"Terrible experience, would not buy again.",negative
"Not much to say, it was alright.",neutral
"I love this product, highly recommended!",positive
"Terrible experience, would not buy again.",negative
"Terrible experience, would not buy again.",negative
"Not much to say, it was alright.",neutral
"Terrible experience, would not buy again.",negative
"Neither good nor bad, just fine.",neutral
"Not much to say, it was alright.",neutral
"It's okay, nothing special.",neutral
"Terrible experience, would not buy again.",negative
Completely unsatisfied and frustrated.,negative
"Average quality, acceptable for the price.",neutral
Absolutely fantastic experience!,positive
"Average quality, acceptable for the price.",neutral
"Neither good nor bad, just fine.",neutral
Really disappointed with the quality.,negative
It works as intended.,neutral
Really disappointed with the quality.,negative
"Neither good nor bad, just fine.",neutral
Really disappointed with the quality.,negative
Really disappointed with the quality.,negative
Completely unsatisfied and frustrated.,negative
Exceeded my expectations!,positive
"I love this product, highly recommended!",positive
Amazing quality and quick delivery.,positive
Exceeded my expectations!,positive
Amazing quality and quick delivery.,positive
Exceeded my expectations!,positive
"Average quality, acceptable for the price.",neutral
"Terrible experience, would not buy again.",negative
Poor service and rude staff.,negative
"Terrible experience, would not buy again.",negative
"Average quality, acceptable for the price.",neutral
Really disappointed with the quality.,negative
Not worth the money at all.,negative
Poor service and rude staff.,negative
"It's okay, nothing special.",neutral
"Average quality, acceptable for the price.",neutral
Amazing quality and quick delivery.,positive
"It's okay, nothing special.",neutral
"Terrible experience, would not buy again.",negative
It works as intended.,neutral
Absolutely fantastic experience!,positive
"Great service, very satisfied.",positive
It works as intended.,neutral
"Great service, very satisfied.",positive
"Neither good nor bad, just fine.",neutral
"Terrible experience, would not buy again.",negative
Poor service and rude staff.,negative
"I love this product, highly recommended!",positive
Exceeded my expectations!,positive
Amazing quality and quick delivery.,positive
"Great service, very satisfied.",positive
Completely unsatisfied and frustrated.,negative
"Not much to say, it was alright.",neutral
Completely unsatisfied and frustrated.,negative
Not worth the money at all.,negative
Really disappointed with the quality.,negative
"I love this product, highly recommended!",positive
Absolutely fantastic experience!,positive
"Terrible experience, would not buy again.",negative
Really disappointed with the quality.,negative
"Great service, very satisfied.",positive
Really disappointed with the quality.,negative
"Great service, very satisfied.",positive
Not worth the money at all.,negative
"Great service, very satisfied.",positive
Really disappointed with the quality.,negative
"Average quality, acceptable for the price.",neutral
Really disappointed with the quality.,negative
"It's okay, nothing special.",neutral
Exceeded my expectations!,positive
Completely unsatisfied and frustrated.,negative
Completely unsatisfied and frustrated.,negative
"Great service, very satisfied.",positive
"Not much to say, it was alright.",neutral
It works as intended.,neutral
Poor service and rude staff.,negative
"Average quality, acceptable for the price.",neutral
"Neither good nor bad, just fine.",neutral
Really disappointed with the quality.,negative
"Terrible experience, would not buy again.",negative
"Neither good nor bad, just fine.",neutral
Amazing quality and quick delivery.,positive
"Great service, very satisfied.",positive
"Not much to say, it was alright.",neutral
"I love this product, highly recommended!",positive
Amazing quality and quick delivery.,positive
It works as intended.,neutral
"It's okay, nothing special.",neutral
Absolutely fantastic experience!,positive
It works as intended.,neutral
Exceeded my expectations!,positive
"Average quality, acceptable for the price.",neutral
"I love this product, highly recommended!",positive
"Neither good nor bad, just fine.",neutral
"Great service, very satisfied.",positive
"Terrible experience, would not buy again.",negative
"Terrible experience, would not buy again.",negative
"Great service, very satisfied.",positive
"Neither good nor bad, just fine.",neutral
"Great service, very satisfied.",positive
"Great service, very satisfied.",positive
It works as intended.,neutral
"Not much to say, it was alright.",neutral
"Great service, very satisfied.",positive
Not worth the money at all.,negative
